username,teams
punkstarman,"[""__DED_AIL_IL_zenika-factory"",""__DED_AIL_IL_ext"",""__IRIS_ext"",""__DED_ext"",""__IRIS_cds"",""__IRIS_all"",""__DED_AIL_IL_PIPELINE_CONTRIB"",""__FACTORY_ext"",""__FACTORY_CICD_ext""]"
irisoperator,"[""__irisoperator""]"
smetivie,"[""__IRIS_int"",""__DED_int"",""__IRIS_all"",""__DED_MACDA_int""]"
xanagit,"[""__IRIS_int"",""__DED_AIL_IL_int"",""__LAB_assistant-liste-courses"",""__DED_int"",""__DED_AIL_IL_int_devteam"",""__IRIS_all"",""__TRANSFOSI_RANCHER_int"",""__FACTORY_int""]"
Jobi29,"[""__IRIS_int"",""__DED_AIL_IL_int"",""__DED_int"",""__IRIS_all"",""__DED_GE_GDIA_int""]"
frleduc,"[""__IRIS_int"",""__IRIS_all"",""__TRANSFOSI_RANCHER_int"",""__FACTORY_int"",""__FACTORY_CICD_int""]"
gderamecourt,"[""__IRIS_int"",""__DED_AIL_IL_int"",""__LAB_assistant-liste-courses"",""__DED_int"",""__DED_AIL_IL_int_devteam"",""__IRIS_all""]"
ylegurun,"[""__IRIS_int"",""__LAB_google-directory"",""__DED_GE_RHC_int"",""__DED_GE_FF_int"",""__DED_int"",""__IRIS_all""]"
raphaelpare,"[""__IRIS_int"",""__DED_AIL_IL_int"",""__DED_int"",""__DED_AIL_IL_int_devteam"",""__IRIS_all""]"
TonyLegeay,"[""__IRIS_int"",""__DOPSI_FIL_BW_int"",""__DED_BDD_EDH_int"",""__LAB_ucolivraison"",""__DOPSI_INF_INF_int"",""__DOPSI_int"",""__DED_int"",""__IRIS_all"",""__TRANSFOSI_AUTOMATOR_int"",""__FACTORY_int""]"
bcorre,"[""__IRIS_int"",""__DED_AIL_IL_int"",""__DED_int"",""__IRIS_all"",""__TRANSFOSI_RANCHER_int"",""__ded_pc_cumtfa_audit"",""__FACTORY_int""]"
sbourgine,"[""__IRIS_int"",""__LAB_smart-meeting"",""__LAB_google-directory"",""__DED_AIL_IL_int"",""__LAB_assistant-liste-courses"",""__LAB_ucolivraison_niji"",""__LAB_ucolivraison"",""__DED_int"",""__IRIS_all"",""__LAB_helpdesk-chatbot"",""__LAB_helpdesk-chatbot_smile"",""__LAB_smart-freeze_niji"",""__LAB_resa-irislab"",""__LAB_iot-salles-serveur-magasin_paloit""]"
StephaneV44,"[""__IRIS_int"",""__DOPSI_FIL_IUL_int"",""__DOPSI_E_SIC_int"",""__DOPSI_INF_INF_int"",""__DOPSI_int"",""__IRIS_all""]"
CesarDINDELEUX,"[""__IRIS_int"",""__DOPSI_INF_OF_int"",""__DOPSI_int"",""__IRIS_all""]"
joangaborit,"[""__IRIS_int"",""__DOPSI_INF_OF_int"",""__DOPSI_int"",""__IRIS_all""]"
jgoizil,"[""__IRIS_int"",""__DED_AIL_IL_int"",""__DED_int"",""__IRIS_all"",""__FACTORY_int"",""__FACTORY_CICD_int""]"
ldu-iRiS,"[""__IRIS_int"",""__LAB_locus"",""__LAB_assistant-liste-courses"",""__DED_int"",""__IRIS_all"",""__LAB_resa-irislab"",""__LAB-get-a-room"",""__LAB_screenR7"",""__DED_MACDA_int""]"
MathildeSc,"[""__IRIS_int"",""__DED_AIL_IL_int"",""__DED_int"",""__IRIS_all""]"
laurentgandon,"[""__IRIS_int"",""__DED_int"",""__IRIS_all"",""__DED_MACDA_int""]"
Singebob,"[""__IRIS_int"",""__DED_AIL_IL_int"",""__DED_int"",""__DED_AIL_IL_int_devteam"",""__IRIS_all"",""__FACTORY_int"",""__FACTORY_CICD_int""]"
AlanPIRIOU,"[""__IRIS_int"",""__DED_SC_P_int"",""__DED_int"",""__IRIS_all""]"
SMouti,"[""__IRIS_int"",""__DED_SC_P_int"",""__DED_int"",""__IRIS_all""]"
jrmetais,"[""__IRIS_int"",""__DED_GC_R_int"",""__DED_int"",""__IRIS_all"",""__DED_CORECADO_int""]"
Martial-Iris,"[""__IRIS_int"",""__DED_GE_RHC_int"",""__DED_int"",""__IRIS_all""]"
amahe,"[""__IRIS_int"",""__DED_PC_CUMTFA_int"",""__DED_int"",""__IRIS_all""]"
cmahe44,"[""__IRIS_int"",""__DED_SC_EL_int"",""__DED_int"",""__IRIS_all"",""__LAB_iot-salles-serveur-magasin""]"
alorfrois,"[""__IRIS_int"",""__DED_SC_P_int"",""__DED_int"",""__IRIS_all""]"
JorisPichard,"[""__IRIS_int"",""__LAB_assistant-liste-courses"",""__DED_PC_ELU_int"",""__DED_int"",""__IRIS_all"",""__DED_MACDA_int""]"
olivierkim,"[""__IRIS_int"",""__DOPSI_INF_OF_int"",""__DOPSI_int"",""__IRIS_all""]"
AnatoleSU,"[""__IRIS_int"",""__DOPSI_INF_OF_int"",""__DOPSI_int"",""__IRIS_all""]"
N-kane,"[""__IRIS_int"",""__DED_SC_P_int"",""__DED_int"",""__IRIS_all""]"
ptarnaud,"[""__IRIS_int"",""__DED_AIL_IL_int"",""__DED_int"",""__IRIS_all"",""__LAB_ssi-ucleaner""]"
thibaudfr,"[""__IRIS_int"",""__DOPSI_FIL_BW_int"",""__LAB_rayon-augmente"",""__DED_AIL_AE_int"",""__DOPSI_int"",""__DED_int"",""__IRIS_all"",""__TRANSFOSI_RANCHER_int"",""__TRAN_CLOUD"",""__FACTORY_int""]"
Matthieuleroy,"[""__IRIS_int"",""__DED_AIL_AE_int"",""__DED_int"",""__IRIS_all""]"
sclenet,"[""__IRIS_int"",""__DED_int"",""__IRIS_all"",""__DED_MACDA_int""]"
GESCOMIRIS,"[""__IRIS_int"",""__LAB_ucolivraison"",""__DED_GC_P_int"",""__DED_int"",""__IRIS_all""]"
arocard,"[""__IRIS_int"",""__DOPSI_FIL_BW_int"",""__DOPSI_INF_INF_int"",""__DOPSI_int"",""__IRIS_all"",""__PILOTE_ansible"",""__TRANSFOSI_RANCHER_int"",""__FACTORY_int""]"
stugaudin,"[""__IRIS_int"",""__DED_BDD_EDH_int"",""__DED_int"",""__IRIS_all""]"
tlarmier,"[""__IRIS_int"",""__DOPSI_INT_IDM_int"",""__DOPSI_int"",""__IRIS_all""]"
Xenvsxen,"[""__IRIS_int"",""__DED_AIL_AE_int"",""__DED_int"",""__IRIS_all"",""__TRANSFOSI_RANCHER_int"",""__FACTORY_int""]"
Julien-SU,"[""__IRIS_int"",""__DED_PC_CUMTFA_int"",""__DED_int"",""__IRIS_all""]"
mleblanciris,"[""__IRIS_int"",""__DED_GC_P_int"",""__DED_int"",""__IRIS_all""]"
Flmaison,"[""__IRIS_int"",""__DOPSI_FIL_BW_int"",""__DOPSI_E_SIC_int"",""__DOPSI_int"",""__IRIS_all"",""__TRANSFOSI_RANCHER_int"",""__FACTORY_int""]"
sgatard,"[""__IRIS_int"",""__DOPSI_FIL_BW_int"",""__DOPSI_INF_INF_int"",""__DOPSI_int"",""__IRIS_all""]"
edubois1976,"[""__IRIS_int"",""__DED_GC_P_int"",""__DED_int"",""__IRIS_all""]"
afribault,"[""__IRIS_int"",""__DED_BDD_EDH_int"",""__DED_int"",""__IRIS_all""]"
nlecadet,"[""__IRIS_int"",""__DOPSI_FIL_BW_int"",""__DOPSI_E_SIC_int"",""__DOPSI_int"",""__IRIS_all""]"
clproust,"[""__IRIS_int"",""__DED_BDD_EDH_int"",""__DED_int"",""__IRIS_all""]"
terrytch,"[""__IRIS_int"",""__DED_AIL_IL_int"",""__DED_int"",""__IRIS_all"",""__DED_GE_GDIA_int""]"
LucileLavergne,"[""__IRIS_int"",""__DED_int"",""__IRIS_all"",""__DED_GC_O_int""]"
JamesHoumadi,"[""__IRIS_int"",""__DED_GE_RHC_int"",""__DED_int"",""__IRIS_all""]"
vouvrard,"[""__IRIS_int"",""__LAB_smart-meeting"",""__LAB_google-directory"",""__DOPSI_INT_IDT_int"",""__DOPSI_int"",""__IRIS_all"",""__LAB_casier-connecte""]"
stufdav,"[""__IRIS_int"",""__DOPSI_FIL_IUL_int"",""__DOPSI_INF_INF_int"",""__DOPSI_int"",""__IRIS_all"",""__PILOTE_ansible""]"
floriancaillet,"[""__IRIS_int"",""__DED_AIL_IL_int"",""__DED_int"",""__DED_AIL_IL_int_devteam"",""__IRIS_all""]"
schampio-u,"[""__IRIS_int"",""__DED_GE_RHC_int"",""__DED_int"",""__IRIS_all""]"
ElodieBouilleteau,"[""__IRIS_int"",""__DED_BDD_EDH_int"",""__DED_int"",""__IRIS_all""]"
placour,"[""__IRIS_int"",""__DED_SC_EL_int"",""__DED_int"",""__IRIS_all""]"
fredgieiris,"[""__IRIS_int"",""__DED_GC_R_int"",""__LAB_assistant-liste-courses"",""__DED_int"",""__IRIS_all""]"
anthonybossard,"[""__IRIS_int"",""__DED_SC_EA_int"",""__DED_int"",""__IRIS_all""]"
Pastriste,"[""__IRIS_int"",""__LAB_ucolivraison"",""__DED_GC_P_int"",""__DED_int"",""__IRIS_all"",""__LAB_smartcar""]"
nbonzonsu,"[""__IRIS_int"",""__DED_GC_R_int"",""__DED_int"",""__IRIS_all""]"
aborgeai,"[""__IRIS_int"",""__DOPSI_FIL_WVS_int"",""__DOPSI_INF_INF_int"",""__DOPSI_int"",""__IRIS_all""]"
fiodor44,"[""__IRIS_int"",""__DED_SC_P_int"",""__DED_int"",""__IRIS_all""]"
corinneabar,"[""__IRIS_int"",""__DED_int"",""__IRIS_all"",""__DED_GC_O_int""]"
pthomasiris,"[""__IRIS_int"",""__DED_GC_R_int"",""__DED_SC_EA_int"",""__DED_int"",""__IRIS_all""]"
vleguern,"[""__IRIS_int"",""__DED_AIL_IL_int"",""__DED_int"",""__IRIS_all""]"
florentmanzi,"[""__IRIS_int"",""__DOPSI_FIL_IUL_int"",""__DOPSI_INT_IDT_int"",""__DOPSI_int"",""__IRIS_all""]"
celinevincent,"[""__IRIS_int"",""__DED_GC_R_int"",""__LAB_assistant-liste-courses"",""__LAB_ucolivraison"",""__DED_int"",""__IRIS_all""]"
EMMASSONIRIS,"[""__IRIS_int"",""__DED_BDD_EDH_int"",""__DED_BDD_D_int"",""__DED_int"",""__IRIS_all""]"
JoBrou,"[""__IRIS_int"",""__LAB_ucolivraison"",""__DED_SC_P_int"",""__DOPSI_int"",""__DED_int"",""__IRIS_all"",""__DOPSI_E_HD_int""]"
aldupont,"[""__IRIS_int"",""__LAB_ucolivraison"",""__DOPSI_INT_CIQ_int"",""__DOPSI_int"",""__IRIS_all""]"
samuelbonnet,"[""__IRIS_int"",""__DED_GC_R_int"",""__LAB_ucolivraison"",""__DED_int"",""__IRIS_all"",""__DED_GC_M_int"",""__LAB_iot-salles-serveur-magasin""]"
pdeshaye,"[""__IRIS_int"",""__DED_int"",""__IRIS_all"",""__DED_GC_M_int"",""__LAB_iot-salles-serveur-magasin""]"
claudecroguennoc,"[""__IRIS_int"",""__DED_int"",""__IRIS_all"",""__TRANSFOSI_int"",""__LAB_iot-salles-serveur-magasin""]"
nmourgue,"[""__IRIS_int"",""__DED_GC_R_int"",""__LAB_assistant-liste-courses"",""__DED_int"",""__IRIS_all""]"
StephaneRousseau,"[""__IRIS_int"",""__LAB_assistant-liste-courses"",""__DOPSI_int"",""__IRIS_all"",""__DOPSI_INT_PPT_int""]"
valerieMet,"[""__IRIS_int"",""__DED_PC_ELU_int"",""__DED_int"",""__IRIS_all"",""__DED_PC_ABO_int""]"
Guillaume-systeme-u,"[""__IRIS_int"",""__DED_GC_R_int"",""__LAB_ucolivraison"",""__DED_int"",""__IRIS_all""]"
AlexMenard-Iris,"[""__IRIS_int"",""__DOPSI_INT_IDM_int"",""__DOPSI_int"",""__IRIS_all""]"
fgendre-u-iris,"[""__IRIS_int"",""__DED_BDD_EDH_int"",""__DED_int"",""__IRIS_all""]"
florianegoussin,"[""__IRIS_int"",""__DED_BDD_EDH_int"",""__DED_BDD_D_int"",""__DED_int"",""__IRIS_all""]"
ndupont-iris,"[""__IRIS_int"",""__DED_BDD_EDH_int"",""__DED_int"",""__IRIS_all""]"
germ7,"[""__IRIS_int"",""__DED_AIL_IL_int"",""__DED_int"",""__DED_AIL_IL_int_devteam"",""__IRIS_all""]"
perrinedionisi,"[""__IRIS_int"",""__DED_GC_P_int"",""__DED_int"",""__IRIS_all""]"
vpeigne,"[""__IRIS_int"",""__DED_SC_EL_int"",""__DED_int"",""__IRIS_all""]"
gregorywajs,"[""__IRIS_int"",""__LAB_assistant-liste-courses"",""__DED_GC_P_int"",""__DED_int"",""__IRIS_all"",""__LAB_smartcar""]"
abouyeriris,"[""__IRIS_int"",""__DED_BDD_EDH_int"",""__DED_int"",""__IRIS_all"",""__DED_CORECADO_int""]"
laurent-choblet,"[""__IRIS_int"",""__DOPSI_FIL_BW_int"",""__LAB_smart-meeting"",""__DED_AIL_IL_int"",""__DOPSI_INT_IDM_int"",""__DED_GC_P_int"",""__DOPSI_int"",""__DED_int"",""__IRIS_all"",""__PILOTE_ansible"",""__TRANSFOSI_RANCHER_int"",""__FACTORY_int"",""__FACTORY_CICD_int""]"
eguittonneau,"[""__IRIS_int"",""__DED_BDD_EDH_int"",""__DED_int"",""__IRIS_all""]"
QuentinMichineauU,"[""__IRIS_int"",""__DED_SC_EA_int"",""__DED_int"",""__IRIS_all""]"
NicolasPasquier,"[""__IRIS_int"",""__DOPSI_INF_OF_int"",""__DOPSI_int"",""__DED_int"",""__IRIS_all"",""__DED_ME_int""]"
llegrive,"[""__IRIS_int"",""__DED_GC_P_int"",""__DED_int"",""__IRIS_all"",""__LAB_smartcar""]"
Judiamani,"[""__IRIS_int"",""__DED_GC_R_int"",""__DED_int"",""__IRIS_all""]"
vmacp,"[""__IRIS_int"",""__DED_BDD_EDH_int"",""__DED_int"",""__IRIS_all""]"
yamelinesu,"[""__IRIS_int"",""__DOPSI_FIL_BW_int"",""__DOPSI_INF_OF_int"",""__DOPSI_INT_IDT_int"",""__DOPSI_int"",""__IRIS_all"",""__PILOTE_ansible""]"
RaphaelPainter,"[""__IRIS_int"",""__DED_BDD_D_int"",""__DED_int"",""__IRIS_all""]"
candriamparivony,"[""__IRIS_int"",""__DED_GC_R_int"",""__DED_int"",""__IRIS_all"",""__DED_GC_M_int""]"
BryanBreton,"[""__IRIS_int"",""__LAB_smart-meeting"",""__DED_int"",""__IRIS_all"",""__TRANSFOSI_int"",""__LAB_casier-connecte""]"
vilucas-sanchez,"[""__IRIS_int"",""__DED_SC_P_int"",""__DED_int"",""__IRIS_all""]"
jeanphilippenguessan,"[""__IRIS_int"",""__DED_BDD_EDH_int"",""__DED_int"",""__IRIS_all""]"
llienard,"[""__IRIS_int"",""__DED_AIL_IL_int"",""__DED_int"",""__DED_AIL_IL_int_devteam"",""__IRIS_all"",""__TRANSFOSI_RANCHER_int"",""__FACTORY_int"",""__FACTORY_CICD_int""]"
alicepoiblaud,"[""__IRIS_int"",""__DED_SC_EL_int"",""__DED_int"",""__IRIS_all""]"
nguais,"[""__IRIS_int"",""__DED_SC_EA_int"",""__DED_int"",""__IRIS_all""]"
llaugier,"[""__IRIS_int"",""__IRIS_all"",""__TRANSFOSI_RANCHER_int"",""__FACTORY_int""]"
ggeffroy,"[""__IRIS_int"",""__DOPSI_int"",""__IRIS_all"",""__DOPSI_SP_S_int""]"
SophatSIM,"[""__IRIS_int"",""__DED_PC_CUMTFA_int"",""__DED_int"",""__IRIS_all""]"
PascalPARIS-SU,"[""__IRIS_int"",""__DED_GC_P_int"",""__DED_int"",""__IRIS_all""]"
mregnautIRIS,"[""__IRIS_int"",""__DOPSI_INT_CIQ_int"",""__DOPSI_int"",""__IRIS_all""]"
cralonSU,"[""__IRIS_int"",""__DED_PC_ELU_int"",""__DED_int"",""__IRIS_all""]"
NTREHET,"[""__IRIS_int"",""__DED_GE_FF_int"",""__DED_int"",""__IRIS_all""]"
sebastienlegendre,"[""__IRIS_int"",""__DOPSI_INT_IDM_int"",""__DOPSI_int"",""__IRIS_all""]"
mlhoutel,"[""__IRIS_int"",""__DED_SC_EL_int"",""__DED_int"",""__IRIS_all""]"
DRouault,"[""__IRIS_int"",""__DOPSI_INF_OF_int"",""__DOPSI_int"",""__IRIS_all"",""__LAB_casier-connecte""]"
AxelBlusseauSystemeU,"[""__IRIS_int"",""__DED_AIL_IL_int"",""__DED_int"",""__DED_AIL_IL_int_devteam"",""__IRIS_all""]"
wlaradi,"[""__IRIS_int"",""__DED_GC_R_int"",""__DED_int"",""__IRIS_all""]"
freddyhamard,"[""__IRIS_int"",""__DED_AIL_IL_int"",""__DED_int"",""__DED_AIL_IL_int_devteam"",""__IRIS_ext"",""__DED_ext"",""__IRIS_all"",""__DED_ME_ext""]"
mtravail,"[""__IRIS_int"",""__DED_int"",""__IRIS_all"",""__DED_GC_O_int""]"
AuroreMangez,"[""__IRIS_int"",""__DED_PC_CUMTFA_int"",""__DED_int"",""__IRIS_all""]"
fpeignet,"[""__IRIS_int"",""__DED_PC_CUMTFA_int"",""__DED_int"",""__IRIS_all""]"
talendoperator,"[""__IRIS_int"",""__DED_BDD_EDH_int"",""__DED_int"",""__IRIS_all""]"
tanguymossion,"[""__IRIS_int"",""__DED_int"",""__IRIS_all"",""__DED_MACDA_int""]"
cdabin,"[""__IRIS_int"",""__DOPSI_FIL_IUL_int"",""__DOPSI_INF_INF_int"",""__DOPSI_int"",""__IRIS_all"",""__PILOTE_ansible""]"
YannickSIMON,"[""__IRIS_int"",""__DED_GC_P_int"",""__DED_int"",""__IRIS_all""]"
lucasdrai,"[""__IRIS_int"",""__DOPSI_INT_IDT_int"",""__DOPSI_int"",""__IRIS_all"",""__PILOTE_ansible"",""__TRANSFOSI_RANCHER_int"",""__TRANSFOSI_AUTOMATOR_int"",""__FACTORY_int""]"
gchaussy,"[""__IRIS_int"",""__DOPSI_FIL_IUL_int"",""__DOPSI_INF_INF_int"",""__DOPSI_int"",""__IRIS_all"",""__PILOTE_ansible""]"
saudoire,"[""__IRIS_int"",""__DED_GE_FF_int"",""__DED_int"",""__IRIS_all""]"
sbeignon,"[""__IRIS_int"",""__DOPSI_INT_CIQ_int"",""__DOPSI_int"",""__IRIS_all""]"
SindbadBelliliIris,"[""__IRIS_int"",""__DED_BDD_EDH_int"",""__DED_int"",""__IRIS_all""]"
jronot,"[""__IRIS_int"",""__DED_AIL_IL_int"",""__DED_int"",""__IRIS_all"",""__FACTORY_int"",""__FACTORY_CICD_int""]"
DBATELOT,"[""__IRIS_int"",""__DED_PC_ELU_int"",""__DED_int"",""__IRIS_all"",""__DED_PC_ABO_int""]"
mloirat,"[""__IRIS_int"",""__DED_GC_R_int"",""__DED_int"",""__IRIS_all""]"
GaUdicheaU-SU,"[""__IRIS_int"",""__DOPSI_INT_IDM_int"",""__DOPSI_int"",""__IRIS_all""]"
gh-mcorolle,"[""__IRIS_int"",""__DOPSI_INT_IDM_int"",""__DOPSI_int"",""__IRIS_all""]"
SURemiGUERIN,"[""__IRIS_int"",""__DED_BDD_EDH_int"",""__DED_int"",""__IRIS_all"",""__DED_CORECADO_int""]"
bertschy,"[""__IRIS_int"",""__DED_BDD_EDH_int"",""__DED_int"",""__IRIS_all""]"
c-rochcongar,"[""__IRIS_int"",""__DED_SC_P_int"",""__DED_int"",""__IRIS_all""]"
chomboursu,"[""__IRIS_int"",""__DED_SC_P_int"",""__DED_int"",""__IRIS_all""]"
rblavier-SU,"[""__IRIS_int"",""__DOPSI_INT_IDM_int"",""__DOPSI_int"",""__IRIS_all""]"
gildas-clement,"[""__IRIS_int"",""__DOPSI_INT_IDM_int"",""__DOPSI_int"",""__IRIS_all""]"
bemaudet,"[""__IRIS_int"",""__DOPSI_int"",""__IRIS_all"",""__DOPSI_SP_S_int"",""__LAB_ssi-ucleaner""]"
rbreart,"[""__IRIS_int"",""__DED_AIL_IL_int"",""__DED_int"",""__DED_AIL_IL_int_devteam"",""__IRIS_all"",""__DED_GE_GDIA_int""]"
tpeuziat-u-iris,"[""__IRIS_int"",""__DED_BDD_EDH_int"",""__DED_int"",""__IRIS_all"",""__TRANSFOSI_AUTOMATOR_int"",""__FACTORY_int""]"
Uedescamp,"[""__IRIS_int"",""__DED_GC_P_int"",""__DED_int"",""__IRIS_all""]"
PSURGET-IRIS,"[""__IRIS_int"",""__DED_BDD_EDH_int"",""__DED_int"",""__IRIS_all""]"
fxribot,"[""__IRIS_int"",""__DOPSI_INT_IDM_int"",""__DOPSI_int"",""__IRIS_all""]"
FranckIRIS,"[""__IRIS_int"",""__DOPSI_E_SIC_int"",""__DOPSI_int"",""__IRIS_all"",""__LAB_iot-salles-serveur-magasin""]"
UDavidCo,"[""__IRIS_int"",""__DED_AIL_AE_int"",""__DED_int"",""__IRIS_all"",""__LAB_iot-salles-serveur-magasin""]"
gpointeau,"[""__IRIS_int"",""__DOPSI_INF_OF_int"",""__DOPSI_int"",""__IRIS_all""]"
cpouvrea,"[""__IRIS_int"",""__DED_SC_P_int"",""__DED_int"",""__IRIS_all""]"
ktiran,"[""__IRIS_int"",""__DOPSI_int"",""__IRIS_all"",""__DOPSI_SP_S_int""]"
juju733,"[""__IRIS_int"",""__DED_int"",""__IRIS_all"",""__DED_GC_O_int""]"
lcormera,"[""__IRIS_int"",""__DED_GC_R_int"",""__DED_int"",""__IRIS_all""]"
chgerze,"[""__IRIS_int"",""__DED_SC_EA_int"",""__DED_int"",""__IRIS_all""]"
theo-lallement-systemeu,"[""__IRIS_int"",""__DED_AIL_IL_int"",""__DED_int"",""__DED_AIL_IL_int_devteam"",""__IRIS_all""]"
antoinedamezfo,"[""__IRIS_int"",""__DOPSI_INF_OF_int"",""__DOPSI_int"",""__IRIS_all""]"
pprimotgieuiris,"[""__IRIS_int"",""__DED_AIL_AE_int"",""__DED_int"",""__IRIS_all""]"
syblancha,"[""__IRIS_int"",""__DOPSI_int"",""__IRIS_all"",""__DOPSI_SP_S_int"",""__LAB_ssi-ucleaner""]"
fdaguin,"[""__IRIS_int"",""__DOPSI_INT_IDT_int"",""__DOPSI_INT_CIQ_int"",""__DOPSI_int"",""__IRIS_all"",""__TRANSFOSI_RANCHER_int"",""__DOPSI_FIL_PDT_int"",""__DED_AIL_IL_PIPELINE_CONTRIB"",""__FACTORY_int""]"
GThoonsen-U,"[""__IRIS_int"",""__DED_AIL_AE_int"",""__DED_int"",""__IRIS_all""]"
Sfoulon-U-iris,"[""__IRIS_int"",""__DED_SC_EA_int"",""__DED_int"",""__IRIS_all""]"
setourneux,"[""__IRIS_int"",""__DED_BDD_EDH_int"",""__DED_int"",""__IRIS_all"",""__DED_AIL_IL_PIPELINE_CONTRIB""]"
hugotomasi,"[""__IRIS_int"",""__DOPSI_FIL_IUL_int"",""__DOPSI_INF_INF_int"",""__DOPSI_int"",""__IRIS_all"",""__PILOTE_ansible""]"
lrouret,"[""__IRIS_int"",""__DED_int"",""__IRIS_all"",""__DED_GC_O_int""]"
sfinet-u,"[""__IRIS_int"",""__DED_GC_O_ext"",""__DED_int"",""__IRIS_ext"",""__DED_ext"",""__IRIS_all"",""__DED_GC_O_int""]"
ajehanno,"[""__IRIS_int"",""__DOPSI_INT_IDM_int"",""__DOPSI_int"",""__IRIS_all""]"
dbourgeon,"[""__IRIS_int"",""__DOPSI_INT_IDM_int"",""__DOPSI_int"",""__DED_int"",""__IRIS_all"",""__DED_CORECADO_int""]"
rleclerSU,"[""__IRIS_int"",""__DED_PC_ELU_int"",""__DED_int"",""__IRIS_all""]"
Egamburz,"[""__IRIS_int"",""__DED_BDD_EDH_int"",""__DED_int"",""__IRIS_all""]"
rclochar,"[""__IRIS_int"",""__DOPSI_INF_OF_int"",""__DOPSI_int"",""__IRIS_all""]"
cedrict-iris,"[""__IRIS_int"",""__DED_AIL_AE_int"",""__DED_int"",""__IRIS_all""]"
MarieEsteve,"[""__IRIS_int"",""__DED_GC_R_int"",""__DED_int"",""__IRIS_all""]"
MMUGIEIRIS,"[""__IRIS_int"",""__DED_BDD_EDH_int"",""__DED_int"",""__IRIS_all""]"
Alex-Beguier,"[""__IRIS_int"",""__DOPSI_INT_IDT_int"",""__DOPSI_int"",""__DED_int"",""__IRIS_all"",""__TRANSFOSI_RANCHER_int"",""__DED_ME_int"",""__FACTORY_int""]"
CRAVART,"[""__IRIS_int"",""__DOPSI_INT_IDT_int"",""__DOPSI_int"",""__DED_int"",""__IRIS_all"",""__TRANSFOSI_RANCHER_int"",""__DED_ME_int"",""__FACTORY_int""]"
alherbiez,"[""__IRIS_int"",""__DOPSI_INF_OF_int"",""__DOPSI_int"",""__IRIS_all""]"
matteo-pes,"[""__IRIS_int"",""__DOPSI_int"",""__IRIS_all"",""__DOPSI_SP_S_int"",""__TRANSFOSI_RANCHER_int"",""__FACTORY_int""]"
Kroups,"[""__IRIS_int"",""__DED_int"",""__IRIS_all"",""__TRANSFOSI_int""]"
OlivierRusin,"[""__IRIS_int"",""__DOPSI_INT_CIQ_int"",""__DOPSI_int"",""__IRIS_all""]"
gregorymortier,"[""__IRIS_int"",""__DOPSI_INT_IDM_ext"",""__DOPSI_INT_IDT_ext"",""__DED_int"",""__IRIS_ext"",""__DOPSI_ext"",""__IRIS_all"",""__PILOTE_ansible"",""__TRANSFOSI_AUTOMATOR_ext"",""__FACTORY_ext"",""__DED_GE_GDIA_int""]"
borisl115,"[""__IRIS_int"",""__DED_BDD_EDH_int"",""__DED_int"",""__IRIS_all""]"
guillaume-iris,"[""__IRIS_int"",""__DED_PC_ELU_int"",""__DED_int"",""__IRIS_all""]"
yobernar,"[""__IRIS_int"",""__DED_GE_RHC_int"",""__DED_int"",""__IRIS_all""]"
EricLegoubin-SystemeU,"[""__IRIS_int"",""__DED_AIL_AE_int"",""__DED_int"",""__IRIS_all""]"
martinloiseau,"[""__IRIS_int"",""__DED_BDD_EDH_int"",""__DED_int"",""__IRIS_all""]"
YvesMOTTEUX-u,"[""__IRIS_int"",""__DED_BDD_EDH_int"",""__DED_int"",""__IRIS_all""]"
jweber-u,"[""__IRIS_int"",""__DED_AIL_IL_int"",""__DED_int"",""__IRIS_all""]"
MVILAINE,"[""__IRIS_int"",""__DOPSI_INF_OF_int"",""__DOPSI_int"",""__IRIS_all""]"
Kar1n3,"[""__IRIS_int"",""__DED_SC_EA_int"",""__DED_int"",""__IRIS_all""]"
Yoyonumber4,"[""__IRIS_int"",""__DOPSI_INF_OF_int"",""__DOPSI_int"",""__IRIS_all""]"
FlorianTardieu,"[""__IRIS_int"",""__DED_AIL_AE_int"",""__DED_int"",""__IRIS_all""]"
Kev1genieur,"[""__IRIS_int"",""__DOPSI_FIL_BW_int"",""__DOPSI_INF_INF_int"",""__DOPSI_int"",""__IRIS_all""]"
fanchcherhal,"[""__IRIS_int"",""__DED_GC_P_int"",""__DED_int"",""__IRIS_all""]"
mverhaeg,"[""__IRIS_int"",""__DED_AIL_AE_int"",""__DED_int"",""__IRIS_all""]"
fopale10re,"[""__IRIS_int"",""__DOPSI_INF_OF_int"",""__DOPSI_int"",""__IRIS_all""]"
MatthieuBeauperin,"[""__IRIS_int"",""__DED_GC_P_int"",""__DED_int"",""__IRIS_all""]"
JulienRaquois,"[""__IRIS_int"",""__DED_PC_CUMTFA_int"",""__DED_int"",""__IRIS_all""]"
RomainJOUANNEAU,"[""__IRIS_int"",""__DED_BDD_EDH_int"",""__DED_int"",""__IRIS_all""]"
ftreuill,"[""__IRIS_int"",""__DOPSI_INT_IDM_int"",""__DOPSI_int"",""__IRIS_all""]"
RasPintz,"[""__IRIS_int"",""__DOPSI_FIL_IUL_int"",""__DOPSI_INF_INF_int"",""__DOPSI_int"",""__IRIS_all"",""__TRANSFOSI_RANCHER_int"",""__DED_AIL_IL_PIPELINE_CONTRIB"",""__FACTORY_int""]"
lapasque,"[""__IRIS_int"",""__DED_AIL_AE_int"",""__DED_int"",""__IRIS_all""]"
Tom-systemeU,"[""__IRIS_int"",""__DED_PC_CUMTFA_int"",""__DED_int"",""__IRIS_all"",""__DED_MACDA_int""]"
FredericAndreU,"[""__IRIS_int"",""__DED_SC_EA_int"",""__DED_int"",""__IRIS_all""]"
HugoLorant,"[""__IRIS_int"",""__DED_AIL_AE_int"",""__DED_int"",""__IRIS_all"",""__TRANSFOSI_RANCHER_int"",""__TRAN_CLOUD"",""__FACTORY_int""]"
christophelamourec,"[""__IRIS_int"",""__DED_SC_EL_int"",""__DED_int"",""__IRIS_all""]"
pmoreauSU,"[""__IRIS_int"",""__DED_PC_ELU_int"",""__DED_int"",""__IRIS_all""]"
tleboute,"[""__IRIS_int"",""__DED_BDD_EDH_int"",""__DED_int"",""__IRIS_all""]"
jny1003,"[""__IRIS_int"",""__DED_BDD_EDH_int"",""__DED_int"",""__IRIS_all""]"
kilianpageotU,"[""__IRIS_int"",""__DED_BDD_EDH_int"",""__DED_int"",""__IRIS_all""]"
dcrette88,"[""__IRIS_int"",""__DED_GC_P_int"",""__DED_int"",""__IRIS_all""]"
jfmusset,"[""__IRIS_int"",""__DOPSI_INT_IDM_int"",""__DOPSI_int"",""__IRIS_all""]"
FlorentSystemU,"[""__IRIS_int"",""__DED_int"",""__IRIS_all"",""__DED_GC_M_int""]"
mallie-su,"[""__IRIS_int"",""__DOPSI_INT_IDM_int"",""__DOPSI_int"",""__IRIS_all""]"
fdupont-systeme-u,"[""__IRIS_int"",""__DED_int"",""__IRIS_all"",""__DED_GC_O_int""]"
PierreHop,"[""__IRIS_int"",""__DED_SC_P_int"",""__DED_int"",""__IRIS_all""]"
xavier-b-u,"[""__IRIS_int"",""__DED_AIL_AE_int"",""__DED_int"",""__IRIS_all""]"
mbouchfa,"[""__IRIS_int"",""__DED_BDD_EDH_int"",""__DED_BDD_D_int"",""__DED_int"",""__IRIS_all""]"
AROZEN-U,"[""__IRIS_int"",""__DED_GC_P_int"",""__DED_int"",""__IRIS_all""]"
loryjerome,"[""__IRIS_int"",""__DED_int"",""__IRIS_all"",""__DED_GE_GDIA_int""]"
idesmars,"[""__IRIS_int"",""__DED_int"",""__IRIS_all"",""__DED_GC_O_int""]"
DimitriBoursier,"[""__IRIS_int"",""__DED_int"",""__IRIS_all"",""__DED_GC_O_int""]"
zcherka,"[""__IRIS_int"",""__DED_BDD_D_int"",""__DED_int"",""__IRIS_all""]"
adigioiaU,"[""__IRIS_int"",""__DED_SC_EA_int"",""__DED_SC_P_int"",""__DED_int"",""__IRIS_all""]"
Natacha100,"[""__IRIS_int"",""__DED_GC_P_int"",""__DED_int"",""__IRIS_all""]"
jrousseau-gie-iris,"[""__IRIS_int"",""__DED_AIL_IL_int"",""__DED_int"",""__IRIS_all""]"
stpGuerin,"[""__IRIS_int"",""__DED_int"",""__IRIS_all"",""__DED_PC_ABO_int""]"
Thomas-Fonteneau,"[""__IRIS_int"",""__DED_BDD_EDH_int"",""__DED_int"",""__IRIS_all""]"
elepadel,"[""__IRIS_int"",""__DED_BDD_D_int"",""__DED_int"",""__IRIS_all""]"
GaelleRigaud,"[""__IRIS_int"",""__DED_BDD_EDH_int"",""__DED_int"",""__IRIS_all""]"
arnaudoli,"[""__DED_PC_CUMTFA_sqli-courseu-mobile"",""__IRIS_cds"",""__IRIS_all""]"
florismettey,"[""__DED_PC_CUMTFA_sqli-courseu-mobile"",""__IRIS_cds"",""__IRIS_all""]"
YoannLth,"[""__DED_PC_CUMTFA_sqli-courseu-mobile"",""__IRIS_cds"",""__IRIS_all""]"
huextrat,"[""__DED_PC_CUMTFA_sqli-courseu-mobile"",""__IRIS_cds"",""__IRIS_all""]"
HerySQLI,"[""__DED_PC_CUMTFA_sqli-courseu-mobile"",""__IRIS_cds"",""__IRIS_all""]"
alexis-tonnoir,"[""__DED_PC_CUMTFA_sqli-courseu-mobile"",""__IRIS_cds"",""__IRIS_all"",""__DED_PC_CUMTFA_miam-courseu""]"
ThibaultMiam,"[""__DED_PC_CUMTFA_sqli-courseu-mobile"",""__IRIS_cds"",""__IRIS_all"",""__DED_PC_CUMTFA_miam-courseu""]"
cesar-tonnoir-miam,"[""__DED_PC_CUMTFA_sqli-courseu-mobile"",""__IRIS_cds"",""__IRIS_all"",""__DED_PC_CUMTFA_miam-courseu""]"
gtriki,"[""__DED_PC_CUMTFA_sqli-courseu-mobile"",""__IRIS_cds"",""__IRIS_all""]"
afollySqli,"[""__DED_PC_CUMTFA_sqli-courseu-mobile"",""__IRIS_cds"",""__IRIS_all""]"
julien4815162342,"[""__DED_PC_CUMTFA_sqli-courseu-mobile"",""__IRIS_cds"",""__IRIS_all""]"
Nicolasrez,"[""__DED_PC_CUMTFA_sqli-courseu-mobile"",""__IRIS_cds"",""__IRIS_all""]"
ChristopheGueguen,"[""__LAB_locus""]"
Pigau,"[""__DED_GC_P_smile-catanoma"",""__IRIS_cds"",""__IRIS_all""]"
ronansalmon,"[""__DOPSI_INF_OF_sigma-nagios"",""__IRIS_cds"",""__IRIS_all""]"
jbeaujour,"[""__DOPSI_INF_OF_sigma-nagios"",""__IRIS_cds"",""__IRIS_all""]"
cpetit-sigma-fr,"[""__DOPSI_INF_OF_sigma-nagios"",""__IRIS_cds"",""__IRIS_all""]"
fbrunello-sigma,"[""__DOPSI_INF_OF_sigma-nagios"",""__IRIS_cds"",""__IRIS_all""]"
msimon-sigma,"[""__DOPSI_INF_OF_sigma-nagios"",""__IRIS_cds"",""__IRIS_all""]"
dlebert-sigma,"[""__DOPSI_INF_OF_sigma-nagios"",""__IRIS_cds"",""__IRIS_all""]"
mdepienne-sigma,"[""__DOPSI_INF_OF_sigma-nagios"",""__IRIS_cds"",""__IRIS_all""]"
gmorisseau-sigma,"[""__DOPSI_INF_OF_sigma-nagios"",""__IRIS_cds"",""__IRIS_all""]"
dssigma,"[""__DOPSI_INF_OF_sigma-nagios"",""__IRIS_cds"",""__IRIS_all""]"
tessier-laurent,"[""__DOPSI_INF_OF_sigma-nagios"",""__IRIS_cds"",""__IRIS_all"",""__DOPSI_INT_IDM_sigma-neoload""]"
mhoegy,"[""__DOPSI_INF_OF_sigma-nagios"",""__IRIS_cds"",""__IRIS_all""]"
JessicaLaot1,"[""__DOPSI_INF_OF_cgi"",""__IRIS_cds"",""__IRIS_all""]"
ngoliotsu,"[""__DOPSI_INF_OF_cgi"",""__IRIS_cds"",""__IRIS_all"",""__DED_AIL_IL_pipeline_contributors""]"
tiphainejouis-sysu,"[""__DOPSI_INF_OF_cgi"",""__IRIS_cds"",""__IRIS_all""]"
BGRALL,"[""__DOPSI_INF_OF_cgi"",""__IRIS_cds"",""__IRIS_all""]"
JocelinF,"[""__DOPSI_INF_OF_cgi"",""__IRIS_cds"",""__IRIS_all""]"
irisiuloperator,"[""__irisiuloperator""]"
irisawxoperator,"[""__irisiuloperator"",""__irisawxoperator""]"
ebriand,"[""__DED_GC_R_ext"",""__IRIS_ext"",""__DED_ext"",""__IRIS_all"",""__TRANSFOSI_RANCHER_ext"",""__FACTORY_ext""]"
sabrinaj,"[""__DED_GC_R_ext"",""__IRIS_ext"",""__DED_ext"",""__IRIS_all""]"
buknon,"[""__DED_GC_R_ext"",""__IRIS_ext"",""__DED_ext"",""__IRIS_all"",""__TRANSFOSI_RANCHER_ext"",""__TRAN_CLOUD"",""__FACTORY_ext""]"
romaric1,"[""__DED_GC_R_ext"",""__IRIS_ext"",""__DED_ext"",""__IRIS_all"",""__TRANSFOSI_RANCHER_ext"",""__TRAN_CLOUD"",""__FACTORY_ext"",""__DED_GE_GDIA_ext""]"
E-anass,"[""__DED_GC_R_ext"",""__IRIS_ext"",""__DED_ext"",""__IRIS_all"",""__DED_CORECADO_ext""]"
vletourn,"[""__DED_GC_R_ext"",""__DOPSI_INT_IDM_ext"",""__IRIS_ext"",""__DED_ext"",""__DOPSI_ext"",""__IRIS_all""]"
lbiron,"[""__DED_GC_R_ext"",""__DED_SC_EA_ext"",""__IRIS_ext"",""__DED_ext"",""__IRIS_all""]"
geslinnicolas,"[""__DED_GC_R_ext"",""__IRIS_ext"",""__DED_ext"",""__IRIS_all""]"
ANTHIBAU,"[""__DED_GC_R_ext"",""__IRIS_ext"",""__DED_ext"",""__IRIS_all""]"
amandine-musseau-iris,"[""__DED_GC_R_ext"",""__IRIS_ext"",""__DED_ext"",""__IRIS_all""]"
Fabien-0911,"[""__DED_GC_R_ext"",""__DED_SC_EA_ext"",""__IRIS_ext"",""__DED_ext"",""__IRIS_all"",""__DED_CORECADO_ext""]"
yloukili-u,"[""__DED_GC_R_ext"",""__IRIS_ext"",""__DED_ext"",""__IRIS_all"",""__DED_CORECADO_ext""]"
mohmak59,"[""__DED_GC_R_ext"",""__IRIS_ext"",""__DED_ext"",""__IRIS_all"",""__DED_CORECADO_ext""]"
Younessniji,"[""__LAB_rayon-augmente_niji""]"
TahaKJ,"[""__LAB_rayon-augmente""]"
cyquere,"[""__DED_GE_RHC_ext"",""__IRIS_ext"",""__DED_ext"",""__IRIS_all""]"
bdemonet-d4b,"[""__DED_GE_RHC_ext"",""__IRIS_ext"",""__DED_ext"",""__IRIS_all"",""__ded_pc_cumtfa_audit"",""__LAB_GREENIT_frugger""]"
Jeyffrey,"[""__DED_AIL_IL_ext"",""__IRIS_ext"",""__DED_ext"",""__IRIS_all""]"
meveno,"[""__DED_AIL_IL_ext"",""__DOPSI_INF_OF_ext"",""__IRIS_ext"",""__DED_ext"",""__DOPSI_ext"",""__IRIS_all""]"
KragWu,"[""__DED_AIL_IL_ext"",""__IRIS_ext"",""__DED_ext"",""__IRIS_all"",""__FACTORY_ext"",""__FACTORY_CICD_ext""]"
uiris-cro,"[""__DED_AIL_IL_ext"",""__DED_AIL_AE_ext"",""__IRIS_ext"",""__DED_ext"",""__IRIS_all"",""__DED_ME_ext""]"
Emmanuel35,"[""__DED_AIL_AE_ext"",""__IRIS_ext"",""__DED_ext"",""__IRIS_all""]"
vickrame,"[""__DED_AIL_AE_ext"",""__IRIS_ext"",""__DED_ext"",""__IRIS_all"",""__DED_ME_ext""]"
MarcDatNaoned,"[""__DED_AIL_AE_ext"",""__IRIS_ext"",""__DED_ext"",""__IRIS_all""]"
Mamdy,"[""__DED_GC_O_ext"",""__DED_GC_P_ext"",""__IRIS_ext"",""__DED_ext"",""__IRIS_all""]"
alebouedec,"[""__DED_GC_P_ext"",""__IRIS_ext"",""__DED_ext"",""__IRIS_all""]"
ehewusz,"[""__DED_GC_P_ext"",""__IRIS_ext"",""__DED_ext"",""__IRIS_all""]"
Julien-J,"[""__DED_GE_FF_ext"",""__IRIS_ext"",""__DED_ext"",""__IRIS_all""]"
clementmeunier,"[""__DED_GE_FF_ext"",""__IRIS_ext"",""__DED_ext"",""__IRIS_all"",""__TRANSFOSI_ext""]"
TCharbonneau,"[""__DED_GE_FF_ext"",""__IRIS_ext"",""__DED_ext"",""__IRIS_all""]"
tchikl-h,"[""__DED_PC_CUMTFA_ext"",""__IRIS_ext"",""__DED_ext"",""__IRIS_all"",""__DED_MACDA_ext""]"
mbadard,"[""__DED_PC_CUMTFA_ext"",""__DED_PC_ELU_ext"",""__IRIS_ext"",""__DED_ext"",""__IRIS_all"",""__DED_PC_ABO_ext""]"
ChristopheGaborieau,"[""__DED_PC_CUMTFA_ext"",""__IRIS_ext"",""__DED_ext"",""__IRIS_all""]"
pierre-raboteau,"[""__DED_PC_CUMTFA_ext"",""__IRIS_ext"",""__DED_ext"",""__IRIS_all""]"
AlexisDSystemeU,"[""__DED_PC_CUMTFA_ext"",""__IRIS_ext"",""__DED_ext"",""__IRIS_all""]"
SUSony,"[""__DED_PC_CUMTFA_ext"",""__IRIS_ext"",""__DED_ext"",""__IRIS_all""]"
jamanyU,"[""__DED_PC_CUMTFA_ext"",""__IRIS_ext"",""__DED_ext"",""__IRIS_all""]"
agaubert-uiris,"[""__DED_PC_CUMTFA_ext"",""__IRIS_ext"",""__DED_ext"",""__IRIS_all"",""__DED_MACDA_ext""]"
chadidasmae,"[""__DED_PC_CUMTFA_ext"",""__IRIS_ext"",""__DED_ext"",""__IRIS_all"",""__DED_MACDA_ext""]"
DamienGrt-U,"[""__DED_PC_CUMTFA_ext"",""__IRIS_ext"",""__DED_ext"",""__IRIS_all"",""__DED_MACDA_ext""]"
vreveau,"[""__DED_PC_CUMTFA_ext"",""__DED_PC_ELU_ext"",""__IRIS_ext"",""__DED_ext"",""__IRIS_all""]"
vallefort,"[""__DED_PC_ELU_ext"",""__IRIS_ext"",""__DED_ext"",""__IRIS_all"",""__DED_ME_ext""]"
Bluemriine,"[""__DED_PC_ELU_ext"",""__DED_SC_EA_ext"",""__IRIS_ext"",""__DED_ext"",""__IRIS_all""]"
GweltazNiquel,"[""__DED_PC_ELU_ext"",""__IRIS_ext"",""__DED_ext"",""__IRIS_all""]"
voyerf,"[""__DED_PC_ELU_ext"",""__IRIS_ext"",""__DED_ext"",""__IRIS_all""]"
frouxSU,"[""__DED_PC_ELU_ext"",""__IRIS_ext"",""__DED_ext"",""__IRIS_all""]"
alemarqu,"[""__DED_PC_ELU_ext"",""__IRIS_ext"",""__DED_ext"",""__IRIS_all""]"
cbores,"[""__DED_SC_EA_ext"",""__IRIS_ext"",""__DED_ext"",""__IRIS_all""]"
Gmacron,"[""__DED_SC_EL_ext"",""__IRIS_ext"",""__DED_ext"",""__IRIS_all""]"
acanardSystemU,"[""__DED_SC_EL_ext"",""__IRIS_ext"",""__DED_ext"",""__IRIS_all""]"
anthonyguinel,"[""__DOPSI_FIL_BW_ext"",""__DOPSI_INT_IDM_ext"",""__IRIS_ext"",""__DOPSI_ext"",""__IRIS_all""]"
yoan404,"[""__DOPSI_FIL_BW_ext"",""__DOPSI_INT_IDM_ext"",""__IRIS_ext"",""__DOPSI_ext"",""__IRIS_all""]"
kriszecat,"[""__DOPSI_INF_OF_ext"",""__IRIS_ext"",""__DOPSI_ext"",""__IRIS_all""]"
CedricJourdan,"[""__DOPSI_INF_OF_ext"",""__IRIS_ext"",""__DOPSI_ext"",""__IRIS_all""]"
bastianpic,"[""__DOPSI_INF_OF_ext"",""__DOPSI_INT_IDT_ext"",""__IRIS_ext"",""__DOPSI_ext"",""__IRIS_all""]"
jeromecousin,"[""__DOPSI_INF_OF_ext"",""__IRIS_ext"",""__DOPSI_ext"",""__IRIS_all""]"
bryan-audo,"[""__DOPSI_INF_OF_ext"",""__IRIS_ext"",""__DOPSI_ext"",""__IRIS_all""]"
OlivierCAMUS,"[""__DOPSI_INF_OF_ext"",""__IRIS_ext"",""__DOPSI_ext"",""__IRIS_all""]"
chilaire-Iris,"[""__DOPSI_INF_OF_ext"",""__IRIS_ext"",""__DOPSI_ext"",""__IRIS_all""]"
vincentBoulanger,"[""__DOPSI_INT_IDM_ext"",""__IRIS_ext"",""__DOPSI_ext"",""__IRIS_all""]"
fortinjoffrey,"[""__DOPSI_INT_IDM_ext"",""__IRIS_ext"",""__DOPSI_ext"",""__IRIS_all""]"
gapapin,"[""__DOPSI_INT_IDM_ext"",""__IRIS_ext"",""__DOPSI_ext"",""__IRIS_all""]"
billyforever,"[""__DOPSI_INT_IDM_ext"",""__IRIS_ext"",""__DOPSI_ext"",""__IRIS_all""]"
LucaOLIVERI,"[""__DOPSI_INT_IDM_ext"",""__IRIS_ext"",""__DOPSI_ext"",""__IRIS_all""]"
thcastel,"[""__DOPSI_INT_IDM_ext"",""__IRIS_ext"",""__DOPSI_ext"",""__IRIS_all""]"
npasquer,"[""__DOPSI_INT_IDM_ext"",""__IRIS_ext"",""__DOPSI_ext"",""__IRIS_all""]"
vtreil,"[""__DOPSI_INT_IDM_ext"",""__IRIS_ext"",""__DOPSI_ext"",""__IRIS_all""]"
amaury333,"[""__DOPSI_INT_IDM_ext"",""__IRIS_ext"",""__DOPSI_ext"",""__IRIS_all""]"
bjoulain,"[""__DOPSI_INT_IDM_ext"",""__IRIS_ext"",""__DOPSI_ext"",""__IRIS_all""]"
bcherrie-u,"[""__DOPSI_INT_IDM_ext"",""__IRIS_ext"",""__DOPSI_ext"",""__IRIS_all""]"
thuchet-u,"[""__DOPSI_INT_IDM_ext"",""__IRIS_ext"",""__DOPSI_ext"",""__IRIS_all""]"
AERIAU,"[""__DOPSI_INT_IDM_ext"",""__IRIS_ext"",""__DOPSI_ext"",""__IRIS_all""]"
lassellea-sfeir,"[""__DOPSI_INT_IDM_ext"",""__IRIS_ext"",""__DED_ext"",""__DOPSI_ext"",""__IRIS_all"",""__TRANSFOSI_ext""]"
m-jadeau,"[""__DOPSI_INT_IDM_ext"",""__IRIS_ext"",""__DOPSI_ext"",""__IRIS_all""]"
syanezcarbonell,"[""__DOPSI_INT_IDM_ext"",""__IRIS_ext"",""__DOPSI_ext"",""__IRIS_all""]"
romaincazes,"[""__DOPSI_INT_IDM_ext"",""__IRIS_ext"",""__DOPSI_ext"",""__IRIS_all""]"
ulory,"[""__DOPSI_INT_IDM_ext"",""__IRIS_ext"",""__DOPSI_ext"",""__IRIS_all""]"
GRCFlorian,"[""__DOPSI_INT_IDM_ext"",""__IRIS_ext"",""__DOPSI_ext"",""__IRIS_all""]"
ppreaux,"[""__DOPSI_INT_IDM_ext"",""__IRIS_ext"",""__DOPSI_ext"",""__IRIS_all""]"
chriscsrd44,"[""__DOPSI_INT_IDM_ext"",""__IRIS_ext"",""__DOPSI_ext"",""__IRIS_all""]"
Fran-SYSU,"[""__DOPSI_INT_IDT_ext"",""__IRIS_ext"",""__DOPSI_ext"",""__IRIS_cds"",""__IRIS_all"",""__DOPSI_SP_S_ext"",""__TRANSFOSI_RANCHER_ext"",""__DED_AIL_IL_pipeline_contributors"",""__TRANSFOSI_AUTOMATOR_ext"",""__FACTORY_ext""]"
YounessSU,"[""__DOPSI_INT_CIQ_ext"",""__IRIS_ext"",""__DOPSI_ext"",""__IRIS_all""]"
TLELUHER,"[""__DOPSI_INT_CIQ_ext"",""__IRIS_ext"",""__DOPSI_ext"",""__IRIS_all""]"
wdekou,"[""__DED_BDD_EDH_ext"",""__IRIS_ext"",""__DED_ext"",""__IRIS_all""]"
haoujey,"[""__DED_BDD_EDH_ext"",""__IRIS_ext"",""__DED_ext"",""__IRIS_all""]"
mallainsu,"[""__DED_BDD_EDH_ext"",""__IRIS_ext"",""__DED_ext"",""__IRIS_all""]"
loisThomasIRIS,"[""__DED_BDD_EDH_ext"",""__IRIS_ext"",""__DED_ext"",""__IRIS_all""]"
ABAMARA-IRIS,"[""__DED_BDD_EDH_ext"",""__IRIS_ext"",""__DED_ext"",""__IRIS_all""]"
ycouanon,"[""__DED_BDD_EDH_ext"",""__IRIS_ext"",""__DED_ext"",""__IRIS_all""]"
nliziard,"[""__DED_BDD_EDH_ext"",""__IRIS_ext"",""__DED_ext"",""__IRIS_all""]"
ahmedmhaouach,"[""__DED_BDD_EDH_ext"",""__IRIS_ext"",""__DED_ext"",""__IRIS_all""]"
BaliaBAH,"[""__DED_BDD_EDH_ext"",""__IRIS_ext"",""__DED_ext"",""__IRIS_all""]"
RemiFlorin,"[""__DED_BDD_EDH_ext"",""__IRIS_ext"",""__DED_ext"",""__IRIS_all""]"
SamehGrine,"[""__DED_BDD_EDH_ext"",""__IRIS_ext"",""__DED_ext"",""__IRIS_all""]"
RomainPerochon,"[""__DED_BDD_EDH_ext"",""__IRIS_ext"",""__DED_ext"",""__IRIS_all""]"
CamilleTetedoie,"[""__DED_BDD_EDH_ext"",""__IRIS_ext"",""__DED_ext"",""__IRIS_all""]"
tandriansu,"[""__DED_BDD_EDH_ext"",""__IRIS_ext"",""__DED_ext"",""__IRIS_all""]"
vleroq-su,"[""__DED_BDD_EDH_ext"",""__IRIS_ext"",""__DED_ext"",""__IRIS_all""]"
iabakarsu,"[""__DED_BDD_EDH_ext"",""__IRIS_ext"",""__DED_ext"",""__IRIS_all""]"
CHBASTARD,"[""__DED_BDD_EDH_ext"",""__IRIS_ext"",""__DED_ext"",""__IRIS_all""]"
YKAMMOUN,"[""__DED_BDD_EDH_ext"",""__IRIS_ext"",""__DED_ext"",""__IRIS_all""]"
mmechrou,"[""__DED_BDD_EDH_ext"",""__IRIS_ext"",""__DED_ext"",""__IRIS_all""]"
rvannootesu,"[""__DED_BDD_EDH_ext"",""__IRIS_ext"",""__DED_ext"",""__IRIS_all""]"
HengS-U,"[""__DED_BDD_EDH_ext"",""__IRIS_ext"",""__DED_ext"",""__IRIS_all""]"
ihor-berda,"[""__DED_PC_ELU_smile-ulocation"",""__IRIS_cds"",""__IRIS_all""]"
aurbri,"[""__DED_PC_ELU_smile-ulocation"",""__IRIS_cds"",""__IRIS_all""]"
Aassmaae,"[""__DED_PC_ELU_smile-ulocation"",""__IRIS_cds"",""__IRIS_all""]"
florent-smile,"[""__DED_PC_ELU_smile-ulocation"",""__IRIS_cds"",""__IRIS_all""]"
ivandc97,"[""__DED_PC_ELU_smile-ulocation"",""__IRIS_cds"",""__IRIS_all""]"
nicre,"[""__DED_PC_ELU_smile-ulocation"",""__IRIS_cds"",""__IRIS_all""]"
haheb,"[""__DED_PC_ELU_smile-ulocation"",""__IRIS_cds"",""__IRIS_all""]"
david-maumenee,"[""__IRIS_ext"",""__IRIS_all"",""__TRANSFOSI_RANCHER_ext"",""__FACTORY_ext""]"
kompass,"[""__IRIS_ext"",""__DED_ext"",""__IRIS_all"",""__DED_ME_ext""]"
LudoH,"[""__IRIS_ext"",""__DED_ext"",""__IRIS_all"",""__DED_ME_ext""]"
brossardd,"[""__IRIS_ext"",""__DED_ext"",""__IRIS_all"",""__DED_ME_ext""]"
mLetrone,"[""__IRIS_ext"",""__DED_ext"",""__IRIS_all"",""__DED_ME_ext""]"
anthonybart,"[""__IRIS_ext"",""__DED_ext"",""__IRIS_all"",""__DED_GC_M_ext"",""__DED_MACDA_ext""]"
ndrouin-iris,"[""__IRIS_ext"",""__DOPSI_ext"",""__IRIS_all"",""__DOPSI_SP_S_ext"",""__TRANSFOSI_RANCHER_ext"",""__DED_AIL_IL_PIPELINE_CONTRIB"",""__FACTORY_ext""]"
yannpichon-su,"[""__IRIS_ext"",""__IRIS_all"",""__TRANSFOSI_RANCHER_ext"",""__FACTORY_ext""]"
nmarchon,"[""__IRIS_ext"",""__DED_ext"",""__IRIS_all"",""__DED_CORECADO_ext""]"
mathieulaude,"[""__IRIS_ext"",""__IRIS_all"",""__TRANSFOSI_RANCHER_ext"",""__TRAN_CLOUD"",""__FACTORY_ext""]"
ygirard-u,"[""__IRIS_ext"",""__DED_ext"",""__IRIS_all"",""__DED_CORECADO_ext""]"
apiombini-u,"[""__IRIS_ext"",""__DED_ext"",""__IRIS_all"",""__DED_CORECADO_ext""]"
hkerboul-u,"[""__IRIS_ext"",""__DED_ext"",""__IRIS_all"",""__DED_CORECADO_ext""]"
thomas-blaisot-su,"[""__IRIS_ext"",""__IRIS_all"",""__TRANSFOSI_RANCHER_ext"",""__FACTORY_ext""]"
ChristopherGuillemetU,"[""__IRIS_ext"",""__DED_ext"",""__IRIS_all"",""__DED_CORECADO_ext""]"
AurelienCoude,"[""__IRIS_ext"",""__DED_ext"",""__IRIS_all"",""__DED_CORECADO_ext""]"
BenoitLeRest,"[""__IRIS_ext"",""__DED_ext"",""__IRIS_all"",""__DED_CORECADO_ext""]"
jubenard,"[""__IRIS_ext"",""__DED_ext"",""__IRIS_all"",""__DED_CORECADO_ext""]"
gillesnogues,"[""__IRIS_ext"",""__DED_ext"",""__IRIS_all"",""__DED_CORECADO_ext""]"
Arnaud-IRIS,"[""__IRIS_ext"",""__DED_ext"",""__IRIS_all"",""__DED_CORECADO_ext""]"
vanbui43,"[""__IRIS_ext"",""__DED_ext"",""__IRIS_all"",""__DED_PC_ABO_ext""]"
qrabineau-u,"[""__IRIS_ext"",""__DED_ext"",""__IRIS_all"",""__DED_CORECADO_ext""]"
rmirzad-u,"[""__IRIS_ext"",""__DED_ext"",""__IRIS_all"",""__DED_CORECADO_ext""]"
mmonthe-u,"[""__IRIS_ext"",""__DED_ext"",""__IRIS_all"",""__DED_CORECADO_ext""]"
OffredoSimon,"[""__IRIS_ext"",""__DED_ext"",""__IRIS_all"",""__DED_MACDA_ext""]"
SofianeCreative,"[""__IRIS_ext"",""__DED_ext"",""__IRIS_all"",""__DED_MACDA_ext""]"
UAntBou,"[""__IRIS_ext"",""__IRIS_all"",""__TRANSFOSI_RANCHER_ext"",""__FACTORY_ext""]"
ualesuffleur,"[""__IRIS_ext"",""__DED_ext"",""__IRIS_all"",""__DED_MACDA_ext""]"
mcharbonneau-u,"[""__IRIS_ext"",""__DED_ext"",""__IRIS_all"",""__DED_CORECADO_ext""]"
THMOULIN,"[""__IRIS_ext"",""__DED_ext"",""__IRIS_all"",""__DED_PC_ABO_ext""]"
jlore-systeme-u,"[""__IRIS_ext"",""__IRIS_all"",""__TRANSFOSI_RANCHER_ext"",""__TRAN_CLOUD"",""__FACTORY_ext""]"
epillet,"[""__IRIS_ext"",""__DED_ext"",""__IRIS_all"",""__DED_GC_M_ext""]"
VolodymyrNekhayOSF,"[""__IRIS_cds"",""__IRIS_all"",""__ded_pc_cumtfa_osf-courseu-platform_maintainer""]"
ElenaMitricaOSF,"[""__IRIS_cds"",""__IRIS_all"",""__ded_pc_cumtfa_osf-courseu-platform_maintainer""]"
CristianAlexandruOSF,"[""__IRIS_cds"",""__IRIS_all"",""__DED_PC_CUMTFA_osf-courseu-platform-core"",""__ded_pc_cumtfa_osf-courseu-platform""]"
pfauchet,"[""__IRIS_cds"",""__IRIS_all"",""__DED_GE_GDIA_wavestone-forgerock""]"
ilonapetrak,"[""__IRIS_cds"",""__IRIS_all"",""__DED_PC_CUMTFA_osf-courseu-platform-events""]"
AlexandreBlanquartOSF,"[""__IRIS_cds"",""__IRIS_all"",""__ded_pc_cumtfa_osf-courseu-platform_maintainer""]"
pplanche,"[""__IRIS_cds"",""__IRIS_all"",""__DED_GE_GDIA_wavestone-forgerock""]"
alexandrucatalincristeaosf,"[""__IRIS_cds"",""__IRIS_all"",""__DED_PC_CUMTFA_osf-courseu-platform-core"",""__DED_PC_CUMTFA_osf-courseu-platform-events""]"
IvanFetsenetsOSF,"[""__IRIS_cds"",""__IRIS_all"",""__DED_PC_CUMTFA_osf-courseu-platform-events"",""__ded_pc_cumtfa_osf-courseu-platform"",""__ded_pc_cumtfa_osf-stl-platform""]"
Mehmet-Akif-Uygun-OSF,"[""__IRIS_cds"",""__IRIS_all"",""__DED_PC_CUMTFA_osf-courseu-platform-events""]"
adecabrol,"[""__IRIS_cds"",""__IRIS_all"",""__DED_PC_FO_sii-rdt-posa""]"
feyyazakkusosf,"[""__IRIS_cds"",""__IRIS_all"",""__ded_pc_cumtfa_osf-courseu-platform_maintainer""]"
ozangulerosf,"[""__IRIS_cds"",""__IRIS_all"",""__DED_PC_CUMTFA_osf-courseu-platform-core""]"
redisdead2000,"[""__IRIS_cds"",""__IRIS_all"",""__DED_PC_ELU_smile-gesloc""]"
sycabirol,"[""__IRIS_cds"",""__IRIS_all"",""__DED_GE_RHC_asi-portailu""]"
jeromelory,"[""__IRIS_cds"",""__IRIS_all"",""__DED_GE_GDIA_wavestone-forgerock""]"
ylandry22,"[""__IRIS_cds"",""__IRIS_all"",""__DED_GE_FF_umanis_bal""]"
pierremorin-asi,"[""__IRIS_cds"",""__IRIS_all"",""__DED_GE_RHC_asi-portailu""]"
rvimeux,"[""__IRIS_cds"",""__IRIS_all"",""__DED_GE_RHC_asi-portailu""]"
NitValen,"[""__IRIS_cds"",""__IRIS_all"",""__DED_GE_GDIA_wavestone-forgerock""]"
2EricBrunet,"[""__IRIS_cds"",""__IRIS_all"",""__DOPSI_INF_INF_a2f""]"
CedricGilSmile,"[""__IRIS_cds"",""__IRIS_all"",""__DED_PC_ELU_smile-gesloc""]"
DavidSIMON-creator,"[""__IRIS_cds"",""__IRIS_all"",""__DED_GE_FF_umanis_bal""]"
Chemsi,"[""__IRIS_cds"",""__IRIS_all"",""__DOPSI_INF_OF_wavestone""]"
EssayedElamiriOSF,"[""__IRIS_cds"",""__IRIS_all"",""__ded_pc_cumtfa_osf-courseu-platform_maintainer""]"
remi-A2F,"[""__IRIS_cds"",""__IRIS_all"",""__DOPSI_INF_INF_a2f""]"
nbenmans,"[""__IRIS_cds"",""__IRIS_all"",""__DOPSI_INF_INF_a2f""]"
SandraIRIS,"[""__IRIS_cds"",""__IRIS_all"",""__DED_GE_GDIA_idento-forgerock""]"
LbouchouCapgemini,"[""__IRIS_cds"",""__IRIS_all"",""__DED_MACDA_capgemini-mobudrive""]"
AhmedShakeelOSF,"[""__IRIS_cds"",""__IRIS_all"",""__DED_PC_CUMTFA_osf-courseu-platform-events""]"
oleksandrhadzhyosf,"[""__IRIS_cds"",""__IRIS_all"",""__DED_PC_CUMTFA_osf-courseu-platform-events"",""__ded_pc_cumtfa_osf-courseu-platform""]"
rleulier,"[""__IRIS_cds"",""__IRIS_all"",""__DOPSI_INF_INF_a2f""]"
denys-taldykin,"[""__IRIS_cds"",""__IRIS_all"",""__DED_PC_CUMTFA_osf-courseu-platform-core"",""__DED_PC_CUMTFA_osf-courseu-platform-events""]"
VasylMartyniukOSF,"[""__IRIS_cds"",""__IRIS_all"",""__DED_PC_CUMTFA_osf-courseu-platform-events"",""__ded_pc_cumtfa_osf-courseu-platform""]"
alangevin-sii,"[""__IRIS_cds"",""__IRIS_all"",""__DED_PC_FO_sii-rdt-posa""]"
alecguyomard-sii,"[""__IRIS_cds"",""__IRIS_all"",""__DED_PC_FO_sii-rdt-posa""]"
MatthieuJakubowskiOSF,"[""__IRIS_cds"",""__IRIS_all"",""__ded_pc_cumtfa_osf-courseu-platform_maintainer""]"
mubeenakbarosf,"[""__IRIS_cds"",""__IRIS_all"",""__DED_PC_CUMTFA_osf-courseu-platform-core""]"
DanielStoicaOSF,"[""__IRIS_cds"",""__IRIS_all"",""__DED_PC_CUMTFA_osf-courseu-platform-events""]"
Nicoreno,"[""__IRIS_cds"",""__IRIS_all"",""__DOPSI_INT_IDM_sigma-neoload""]"
yhalope,"[""__IRIS_cds"",""__IRIS_all"",""__DOPSI_INT_IDM_sigma-neoload""]"
gmeklat,"[""__IRIS_cds"",""__IRIS_all"",""__DOPSI_INT_IDM_sigma-neoload""]"
FelipeRamos1202,"[""__IRIS_cds"",""__IRIS_all"",""__DED_PC_CUMTFA_osf-courseu-platform-events""]"
aelfahimi-UMANIS,"[""__IRIS_cds"",""__IRIS_all"",""__DED_GE_FF_umanis_bal""]"
rohitpawarOSFdigital,"[""__IRIS_cds"",""__IRIS_all"",""__DED_PC_CUMTFA_osf-courseu-platform-events"",""__ded_pc_cumtfa_osf-courseu-platform""]"
HarshadaPatilOSF,"[""__IRIS_cds"",""__IRIS_all"",""__DED_PC_CUMTFA_osf-courseu-platform-core""]"
JeanCrespWS,"[""__IRIS_cds"",""__IRIS_all"",""__DOPSI_INF_OF_wavestone""]"
gtubert,"[""__IRIS_cds"",""__IRIS_all"",""__DED_PC_CUMTFA_osf-courseu-platform-events""]"
PatriciaMendesOSF,"[""__IRIS_cds"",""__IRIS_all"",""__DED_PC_CUMTFA_osf-courseu-platform-events"",""__ded_pc_cumtfa_osf-stl-platform""]"
rahulvr-osf,"[""__IRIS_cds"",""__IRIS_all"",""__DED_PC_CUMTFA_osf-courseu-platform-events""]"
gauravkapoorosf,"[""__IRIS_cds"",""__IRIS_all"",""__DED_PC_CUMTFA_osf-courseu-platform-events""]"
tgrousseau,"[""__IRIS_cds"",""__IRIS_all"",""__DED_PC_CUMTFA_miam-courseu""]"
MihailoSimeunovicOSF,"[""__IRIS_cds"",""__IRIS_all"",""__DED_PC_CUMTFA_osf-courseu-platform-events""]"
JeromeLeMarechalOSF,"[""__IRIS_cds"",""__IRIS_all"",""__DED_PC_CUMTFA_osf-courseu-platform-core"",""__DED_PC_CUMTFA_osf-courseu-platform-events""]"
LidiaPrivantuOSF,"[""__IRIS_cds"",""__IRIS_all"",""__DED_PC_CUMTFA_osf-courseu-platform-core""]"
emirhanoguzOSF,"[""__IRIS_cds"",""__IRIS_all"",""__DED_PC_CUMTFA_osf-courseu-platform-events""]"
faydaouda,"[""__IRIS_cds"",""__IRIS_all"",""__DED_GE_GDIA_idento-forgerock""]"
bwaskiw,"[""__IRIS_cds"",""__IRIS_all"",""__DED_PC_FO_sii-rdt-posa""]"
EurydiceGD,"[""__IRIS_cds"",""__IRIS_all"",""__ded_pc_cumtfa_47quai-courseu-platform-core""]"
Guillaume-Revol,"[""__IRIS_cds"",""__IRIS_all"",""__ded_pc_cumtfa_47quai-courseu-platform-core""]"
bgredat-sys-u,"[""__LAB_helpdesk-chatbot""]"
fraiderik,"[""__LAB_helpdesk-chatbot""]"
Ludovic-IRIS,"[""__LAB_helpdesk-chatbot""]"
JPL44,"[""__LAB_helpdesk-chatbot""]"
fdewasmes,"[""__LAB_helpdesk-chatbot_smile""]"
thavi-lim,"[""__PILOTE_ansible""]"
morgan-palo-it,"[""__LAB_iot-salles-serveur-magasin_paloit""]"
antoinegaillardpaloit,"[""__LAB_iot-salles-serveur-magasin_paloit""]"
irisargocdoperator,"[""__irisargocdoperator""]"
lrangeard-su,"[""__DED_AIL_IL_PIPELINE_CONTRIB""]"
SQLICourseU,"[""__DED_PC_CUMTFA_sqli-courseu-mobile-ci-cd-sqli""]"
irisidtoperator,"[""__irisidtoperator""]"
